golden_case_id,semantic_faithfulness,grammar_conformance,interaction_quality,phc_suitability,anchor_user_preserved,finding_ids,case_recommendation,notes
hpg-001-all-negative,PASS,PASS,PASS,PASS_FOR_HACKATHON_REVIEW,YES,,READY,No finding
hpg-002-danger-unable-to-drink-or-breastfeed,PASS,PASS,PASS,PASS_FOR_HACKATHON_REVIEW,N/A,,READY,No finding
hpg-003-danger-vomits-everything,PASS,PASS,PASS,PASS_FOR_HACKATHON_REVIEW,N/A,,READY,No finding
hpg-004-danger-had-convulsions,PASS,PASS,PASS,PASS_FOR_HACKATHON_REVIEW,N/A,,READY,No finding
hpg-005-danger-lethargic-or-unconscious,PASS,PASS,PASS,PASS_FOR_HACKATHON_REVIEW,N/A,,READY,No finding
hpg-006-danger-convulsing-now,PASS,PASS,FAIL_NEEDS_LANGUAGE_REMEDIATION,NEEDS_LANGUAGE_REMEDIATION,N/A,LGR-GR-001,READY_AFTER_MINOR_REMEDIATION,Immediate treatment order
hpg-007-resp-age-2-rate-49,PASS,PASS,FAIL_NEEDS_LANGUAGE_REMEDIATION,NEEDS_LANGUAGE_REMEDIATION,N/A,LGR-GR-001,READY_AFTER_MINOR_REMEDIATION,Action priority order
hpg-008-resp-age-2-rate-50,PASS,PASS,FAIL_NEEDS_LANGUAGE_REMEDIATION,NEEDS_LANGUAGE_REMEDIATION,YES,LGR-GR-001,READY_AFTER_MINOR_REMEDIATION,Treatment should precede advice
hpg-009-resp-age-11-rate-50,PASS,PASS,FAIL_NEEDS_LANGUAGE_REMEDIATION,NEEDS_LANGUAGE_REMEDIATION,N/A,LGR-GR-001,READY_AFTER_MINOR_REMEDIATION,Action priority order
hpg-010-resp-age-12-rate-39,PASS,PASS,FAIL_NEEDS_LANGUAGE_REMEDIATION,NEEDS_LANGUAGE_REMEDIATION,N/A,LGR-GR-001,READY_AFTER_MINOR_REMEDIATION,Action priority order
hpg-011-resp-age-12-rate-40,PASS,PASS,FAIL_NEEDS_LANGUAGE_REMEDIATION,NEEDS_LANGUAGE_REMEDIATION,N/A,LGR-GR-001,READY_AFTER_MINOR_REMEDIATION,Action priority order
hpg-012-resp-age-59-rate-40,PASS,PASS,FAIL_NEEDS_LANGUAGE_REMEDIATION,NEEDS_LANGUAGE_REMEDIATION,N/A,LGR-GR-001,READY_AFTER_MINOR_REMEDIATION,Action priority order
hpg-013-resp-chest-hiv-negative,PASS,PASS,FAIL_NEEDS_LANGUAGE_REMEDIATION,NEEDS_LANGUAGE_REMEDIATION,N/A,LGR-GR-001,READY_AFTER_MINOR_REMEDIATION,Treatment should precede advice
hpg-014-resp-chest-hiv-positive,PASS,PASS,FAIL_NEEDS_LANGUAGE_REMEDIATION,NEEDS_LANGUAGE_REMEDIATION,YES,LGR-GR-003,READY_AFTER_MINOR_REMEDIATION,Restore explicit non-urgent referral qualifier
hpg-015-resp-stridor,PASS,PASS,PASS,PASS_FOR_HACKATHON_REVIEW,N/A,,READY,No finding
hpg-016-resp-oximeter-89-9,PASS,PASS,FAIL_NEEDS_LANGUAGE_REMEDIATION,NEEDS_LANGUAGE_REMEDIATION,YES,LGR-GR-001,READY_AFTER_MINOR_REMEDIATION,Pre-referral action order
hpg-017-resp-oximeter-90,PASS,PASS,FAIL_NEEDS_LANGUAGE_REMEDIATION,NEEDS_LANGUAGE_REMEDIATION,N/A,LGR-GR-001,READY_AFTER_MINOR_REMEDIATION,Action priority order
hpg-018-resp-prolonged-cough,PASS,PASS,FAIL_NEEDS_LANGUAGE_REMEDIATION,NEEDS_LANGUAGE_REMEDIATION,N/A,LGR-GR-001,READY_AFTER_MINOR_REMEDIATION,Action priority order
hpg-019-resp-recurrent-wheeze,PASS,PASS,FAIL_NEEDS_LANGUAGE_REMEDIATION,NEEDS_LANGUAGE_REMEDIATION,N/A,LGR-GR-001,READY_AFTER_MINOR_REMEDIATION,Action priority order
hpg-020-resp-post-bronchodilator-improved,PASS,PASS,FAIL_NEEDS_LANGUAGE_REMEDIATION,NEEDS_LANGUAGE_REMEDIATION,YES,LGR-GR-001,READY_AFTER_MINOR_REMEDIATION,Action priority order
hpg-021-resp-post-bronchodilator-fast,PASS,PASS,FAIL_NEEDS_LANGUAGE_REMEDIATION,NEEDS_LANGUAGE_REMEDIATION,N/A,LGR-GR-001,READY_AFTER_MINOR_REMEDIATION,Action priority order
hpg-022-resp-trial-outstanding,PASS,PASS,FAIL_NEEDS_LANGUAGE_REMEDIATION,NEEDS_LANGUAGE_REMEDIATION,N/A,LGR-GR-002,READY_AFTER_MINOR_REMEDIATION,Reorder acquisitions as executable sequence
hpg-023-resp-child-not-calm,PASS,PASS,PASS,PASS_FOR_HACKATHON_REVIEW,N/A,,READY,No finding
hpg-024-resp-count-not-one-minute,PASS,PASS,PASS,PASS_FOR_HACKATHON_REVIEW,N/A,,READY,No finding
hpg-025-resp-oximeter-missing-value,PASS,PASS,PASS,PASS_FOR_HACKATHON_REVIEW,N/A,,READY,No finding
hpg-026-resp-chest-hiv-unknown,PASS,PASS,PASS,PASS_FOR_HACKATHON_REVIEW,N/A,,READY,No finding
hpg-027-diarrhoea-no-dehydration,PASS,PASS,FAIL_NEEDS_LANGUAGE_REMEDIATION,NEEDS_LANGUAGE_REMEDIATION,N/A,LGR-GR-001,READY_AFTER_MINOR_REMEDIATION,Action priority order
hpg-028-diarrhoea-some-dehydration,PASS,PASS,FAIL_NEEDS_LANGUAGE_REMEDIATION,NEEDS_LANGUAGE_REMEDIATION,YES,LGR-GR-001,READY_AFTER_MINOR_REMEDIATION,Treatment should precede advice
hpg-029-diarrhoea-severe-plan-c-under-24m,PASS,PASS,PASS,PASS_FOR_HACKATHON_REVIEW,N/A,,READY,No finding
hpg-030-diarrhoea-severe-age-24-no-cholera,PASS,PASS,PASS,PASS_FOR_HACKATHON_REVIEW,N/A,,READY,No finding
hpg-031-diarrhoea-severe-age-24-cholera,PASS,PASS,PASS,PASS_FOR_HACKATHON_REVIEW,YES,,READY,No finding
hpg-032-diarrhoea-duration-13,PASS,PASS,FAIL_NEEDS_LANGUAGE_REMEDIATION,NEEDS_LANGUAGE_REMEDIATION,N/A,LGR-GR-001,READY_AFTER_MINOR_REMEDIATION,Action priority order
hpg-033-diarrhoea-duration-14-persistent,PASS,PASS,FAIL_NEEDS_LANGUAGE_REMEDIATION,NEEDS_LANGUAGE_REMEDIATION,N/A,LGR-GR-001,READY_AFTER_MINOR_REMEDIATION,Action priority order
hpg-034-diarrhoea-severe-persistent,PASS,PASS,FAIL_NEEDS_LANGUAGE_REMEDIATION,NEEDS_LANGUAGE_REMEDIATION,N/A,LGR-GR-001,READY_AFTER_MINOR_REMEDIATION,Treat dehydration before referral
hpg-035-diarrhoea-dysentery,PASS,PASS,FAIL_NEEDS_LANGUAGE_REMEDIATION,NEEDS_LANGUAGE_REMEDIATION,N/A,LGR-GR-001,READY_AFTER_MINOR_REMEDIATION,Treatment should precede advice
hpg-036-diarrhoea-persistent-and-dysentery,PASS,PASS,FAIL_NEEDS_LANGUAGE_REMEDIATION,NEEDS_LANGUAGE_REMEDIATION,N/A,LGR-GR-001,READY_AFTER_MINOR_REMEDIATION,Treatment should precede advice
hpg-037-diarrhoea-positive-drinking-reuse,PASS,PASS,PASS,PASS_FOR_HACKATHON_REVIEW,N/A,,READY,No finding
hpg-038-diarrhoea-negative-does-not-reuse,PASS,PASS,PASS,PASS_FOR_HACKATHON_REVIEW,N/A,,READY,No finding
hpg-039-diarrhoea-duration-unknown,PASS,PASS,PASS,PASS_FOR_HACKATHON_REVIEW,N/A,,READY,No finding
hpg-040-diarrhoea-cholera-context-unknown,PASS,PASS,PASS,PASS_FOR_HACKATHON_REVIEW,N/A,,READY,No finding
hpg-041-fever-high-positive,PASS,PASS,FAIL_NEEDS_LANGUAGE_REMEDIATION,NEEDS_LANGUAGE_REMEDIATION,N/A,LGR-GR-001,READY_AFTER_MINOR_REMEDIATION,Treatment should precede advice
hpg-042-fever-high-negative,PASS,PASS,PASS,PASS_FOR_HACKATHON_REVIEW,N/A,,READY,No finding
hpg-043-fever-high-test-unavailable,PASS,PASS,FAIL_NEEDS_LANGUAGE_REMEDIATION,NEEDS_LANGUAGE_REMEDIATION,N/A,LGR-GR-001,READY_AFTER_MINOR_REMEDIATION,Action priority order
hpg-044-fever-low-obvious-cause,PASS,PASS,PASS,PASS_FOR_HACKATHON_REVIEW,N/A,,READY,No finding
hpg-045-fever-low-no-cause-positive,PASS,PASS,FAIL_NEEDS_LANGUAGE_REMEDIATION,NEEDS_LANGUAGE_REMEDIATION,N/A,LGR-GR-001,READY_AFTER_MINOR_REMEDIATION,Treatment should precede advice
hpg-046-fever-no-risk,PASS,PASS,PASS,PASS_FOR_HACKATHON_REVIEW,N/A,,READY,No finding
hpg-047-fever-temperature-38-4,PASS,PASS,PASS,PASS_FOR_HACKATHON_REVIEW,N/A,,READY,No finding
hpg-048-fever-temperature-38-5,PASS,PASS,FAIL_NEEDS_LANGUAGE_REMEDIATION,NEEDS_LANGUAGE_REMEDIATION,N/A,LGR-GR-001,READY_AFTER_MINOR_REMEDIATION,Action priority order
hpg-049-fever-duration-7,PASS,PASS,PASS,PASS_FOR_HACKATHON_REVIEW,N/A,,READY,No finding
hpg-050-fever-duration-8-not-every-day,PASS,PASS,PASS,PASS_FOR_HACKATHON_REVIEW,N/A,,READY,No finding
hpg-051-fever-duration-8-every-day,PASS,PASS,FAIL_NEEDS_LANGUAGE_REMEDIATION,NEEDS_LANGUAGE_REMEDIATION,N/A,LGR-GR-001,READY_AFTER_MINOR_REMEDIATION,Action priority order
hpg-052-fever-identified-bacterial-cause,PASS,PASS,FAIL_NEEDS_LANGUAGE_REMEDIATION,NEEDS_LANGUAGE_REMEDIATION,YES,LGR-GR-001,READY_AFTER_MINOR_REMEDIATION,Treatment reconciliation should lead routine advice
hpg-053-fever-measles,PASS,PASS,FAIL_NEEDS_LANGUAGE_REMEDIATION,NEEDS_LANGUAGE_REMEDIATION,N/A,LGR-GR-001,READY_AFTER_MINOR_REMEDIATION,Action priority order
hpg-054-fever-measles-eye,PASS,PASS,FAIL_NEEDS_LANGUAGE_REMEDIATION,NEEDS_LANGUAGE_REMEDIATION,N/A,LGR-GR-001,READY_AFTER_MINOR_REMEDIATION,Treatment should precede advice
hpg-055-fever-severe-measles-cornea,PASS,PASS,PASS,PASS_FOR_HACKATHON_REVIEW,YES,,READY,No finding
hpg-056-fever-severe-stiff-neck,PASS,PASS,PASS,PASS_FOR_HACKATHON_REVIEW,N/A,,READY,No finding
hpg-057-fever-malaria-and-measles,PASS,PASS,FAIL_NEEDS_LANGUAGE_REMEDIATION,NEEDS_LANGUAGE_REMEDIATION,N/A,LGR-GR-001,READY_AFTER_MINOR_REMEDIATION,Treatments should precede advice
hpg-058-fever-measles-last-three-months,PASS,PASS,FAIL_NEEDS_LANGUAGE_REMEDIATION,NEEDS_LANGUAGE_REMEDIATION,N/A,LGR-GR-001,READY_AFTER_MINOR_REMEDIATION,Action priority order
hpg-059-fever-malaria-risk-unknown,PASS,PASS,PASS,PASS_FOR_HACKATHON_REVIEW,N/A,,READY,No finding
hpg-060-fever-test-result-unknown,PASS,PASS,PASS,PASS_FOR_HACKATHON_REVIEW,N/A,,READY,No finding
hpg-061-ear-no-infection,PASS,PASS,PASS,PASS_FOR_HACKATHON_REVIEW,N/A,,READY,No finding
hpg-062-ear-acute-pain,PASS,PASS,FAIL_NEEDS_LANGUAGE_REMEDIATION,NEEDS_LANGUAGE_REMEDIATION,N/A,LGR-GR-001,READY_AFTER_MINOR_REMEDIATION,Treatment should precede advice
hpg-063-ear-acute-discharge-13,PASS,PASS,FAIL_NEEDS_LANGUAGE_REMEDIATION,NEEDS_LANGUAGE_REMEDIATION,N/A,LGR-GR-001,READY_AFTER_MINOR_REMEDIATION,Treatment should precede advice
hpg-064-ear-chronic-discharge-14,PASS,PASS,FAIL_NEEDS_LANGUAGE_REMEDIATION,NEEDS_LANGUAGE_REMEDIATION,N/A,LGR-GR-001,READY_AFTER_MINOR_REMEDIATION,Treatment should precede advice
hpg-065-ear-observed-pus-no-history,PASS,PASS,FAIL_NEEDS_LANGUAGE_REMEDIATION,NEEDS_LANGUAGE_REMEDIATION,N/A,LGR-GR-001,READY_AFTER_MINOR_REMEDIATION,Treatment should precede advice
hpg-066-ear-mastoiditis,PASS,PASS,PASS,PASS_FOR_HACKATHON_REVIEW,N/A,,READY,No finding
hpg-067-ear-duration-unknown,PASS,PASS,PASS,PASS_FOR_HACKATHON_REVIEW,N/A,,READY,No finding
hpg-068-cross-four-pathways,PASS,PASS,FAIL_NEEDS_LANGUAGE_REMEDIATION,NEEDS_LANGUAGE_REMEDIATION,YES,LGR-GR-001,READY_AFTER_MINOR_REMEDIATION,Prioritize or group fourteen actions
hpg-069-cross-urgent-dehydration-ear,PASS,PASS,PASS,PASS_FOR_HACKATHON_REVIEW,N/A,,READY,No finding
hpg-070-cross-multiple-urgent,PASS,PASS,FAIL_NEEDS_LANGUAGE_REMEDIATION,NEEDS_LANGUAGE_REMEDIATION,YES,LGR-GR-001,READY_AFTER_MINOR_REMEDIATION,Diazepam must lead rapid completion
hpg-071-incomplete-entry-unknown,PASS,PASS,PASS,PASS_FOR_HACKATHON_REVIEW,YES,,READY,No finding
hpg-072-incomplete-multiple-groups,PASS,PASS,FAIL_NEEDS_LANGUAGE_REMEDIATION,NEEDS_LANGUAGE_REMEDIATION,YES,LGR-GR-002,READY_AFTER_MINOR_REMEDIATION,Use established assessment order
hpg-073-incomplete-known-urgent,PASS,PASS,FAIL_NEEDS_LANGUAGE_REMEDIATION,NEEDS_LANGUAGE_REMEDIATION,YES,LGR-GR-001,READY_AFTER_MINOR_REMEDIATION,Diazepam must lead rapid completion
hpg-074-incomplete-internal-classification-withheld,PASS,PASS,PASS,PASS_FOR_HACKATHON_REVIEW,N/A,,READY,No finding
hpg-075-contradiction-drinking,PASS,FAIL_NEEDS_LANGUAGE_REMEDIATION,FAIL_NEEDS_LANGUAGE_REMEDIATION,NEEDS_LANGUAGE_REMEDIATION,YES,LGR-GR-004,READY_AFTER_MINOR_REMEDIATION,Replace enum-like contradiction wording
hpg-076-complete-danger-plus-all-pathways,PASS,PASS,PASS,PASS_FOR_HACKATHON_REVIEW,N/A,,READY,No finding
hpg-077-out-of-scope-age-1,PASS,PASS,PASS,PASS_FOR_HACKATHON_REVIEW,YES,,READY,No finding
hpg-078-out-of-scope-age-60,PASS,PASS,PASS,PASS_FOR_HACKATHON_REVIEW,N/A,,READY,No finding
